5,0,0,0
39,-0.02337098,0.04328191,-0.03323555
59,0.0493288,-0.08327663,-0.1347542
86,0.1009166,0.05328953,-0.0679493
115,0.228852,-0.06872118,-0.04622936
149,0.2316356,-0.07717907,-0.06217957
180,0.2290249,-0.07455647,-0.05917549
239,0.2392054,-0.0615716,-0.05962849
279,0.1064241,-0.05068779,-0.05369186
304,0.1285315,-0.05834103,-0.05702972
315,0.1403034,-0.01451671,0.02012253
390,0.08161664,-0.05646944,-0.03094673
438,0.1112759,-0.01257956,0.0292778
468,0.3416061,-0.1793802,0.07121563
489,0.3373325,-0.1308411,0.1105309
524,0.3487349,-0.04599094,0.1997948
555,0.3921211,0.02688766,0.2035618
589,0.3962815,0.0339359,0.2080917
626,0.4063904,0.05887747,0.2055407
653,0.4185021,0.08381307,0.241375
681,0.4224181,0.1013845,0.2620935
718,0.4794478,0.2476424,0.4394054
760,0.4815638,0.2645642,0.4472256
785,0.4880607,0.2613425,0.442791
815,0.5251586,0.3302753,0.4775047
849,0.5455852,0.3285378,0.4894257
884,0.5463183,0.3497154,0.5369425
972,0.7093608,0.1978964,0.4585028
1022,0.6893814,0.1611263,0.4197836
1051,0.6878555,0.1620799,0.4204035
1084,0.6700039,0.1705676,0.4553556
1121,0.6602824,0.2214015,0.6128311
1155,0.6695569,0.2497524,0.6753922
1188,0.6301463,0.2476186,0.7479906
1224,0.5978286,0.141862,0.6508827
1254,0.592947,0.1510829,0.6572723
1286,0.5835772,0.1271099,0.6269455
1322,0.557059,0.1150936,0.6364346
1349,0.490123,0.07944405,0.7010937
1381,0.5310118,0.1214594,0.6952047
1417,0.4933178,0.1288414,0.7142544
1460,0.4927158,0.1262724,0.7125139
1496,0.4962564,0.1252353,0.6358147
1530,0.4913509,0.09009242,0.5674362
1572,0.4832566,0.09547174,0.5966425
1599,0.4732072,0.09568632,0.5645752
1620,0.6609142,-0.05691946,0.5963802
1674,0.6182373,-0.07278919,0.6032467
1697,0.6136298,-0.05324185,0.6129503
1722,0.600791,-0.0503242,0.6028414
1769,0.5778432,-0.002148747,0.686574
1789,0.4565656,0.1901478,0.8772373
1820,0.4514456,0.1831263,0.8431196
1849,0.4619658,0.1301497,0.7591724
1885,0.4870534,0.1523823,0.687933
1915,0.4695833,0.1306146,0.692153
1981,0.4640043,0.1346946,0.6959915
2022,0.4718363,0.1227796,0.6623745
2052,0.5212724,-0.008264184,0.7271051
2125,0.4906178,0.06826222,0.7680416
2171,0.4478037,0.0703156,0.7679939
2191,0.4432023,0.1406491,0.8285046
2256,0.8122265,-0.1203626,0.6609678
2322,0.7595003,-0.09565949,0.6640911
2360,0.6900787,0.0176996,0.7306814
2445,0.3389895,0.1482219,0.7965565
2457,0.3305852,0.199604,0.8503437
2521,0.4611671,0.1146108,0.84126
2575,0.4639208,0.1500636,0.8705139
2611,0.5413234,0.008568168,0.8306742
2628,0.3849685,0.1720011,0.9935617
2650,0.4017532,0.2175748,1.011682
2685,0.3843546,0.2240986,1.000524
2717,0.3995061,0.2287209,0.9821892
2752,0.4003108,0.2332151,0.9863138
2803,0.4222333,0.2152801,0.931859
2874,0.4224241,0.2232224,0.9328604
2894,0.4227638,0.2370626,0.9268284
2918,0.1690805,0.2930969,0.8626461
2950,0.1976907,0.2080023,0.8061886
2985,0.2000153,0.2405316,0.8239269
3017,0.2551794,0.2710253,0.8574247
3053,0.1771748,0.3784657,0.8676767
3084,0.1570702,0.3431976,0.9165287
3127,0.2847195,0.2198845,0.8187056
3153,0.2884209,0.2075285,0.7907391
3184,0.2886176,0.2020508,0.7948637
3215,0.2256989,0.2701819,0.8735895
3256,0.2271414,0.2752692,0.8781433
3287,0.2096534,0.3329545,1.022148
3321,0.3459096,0.1535892,1.020074
3375,0.3229976,0.1027077,1.024389
3411,0.3243327,0.1125544,1.032996
3450,0.2995908,0.1261324,1.060653
3471,0.2874076,0.1707345,1.088762
3486,0.2956212,0.1775771,1.083565
3549,0.304836,0.1571566,1.043916
3570,0.3670275,0.02712011,1.008701
3612,0.366348,0.02820492,1.008391
3629,0.3529429,0.008639693,0.9851217
3655,0.3550351,0.01674294,0.9830236
3688,0.3531635,0.0302732,0.8821964
3743,0.30123,0.1107782,0.9766102
3779,0.3020346,0.07436574,0.909543
3797,0.2888858,0.06877482,0.9178638
3819,0.2623141,0.1672924,1.087999
3895,0.2661586,0.1697272,1.085806
3930,0.2680838,0.1631916,1.078176
3955,0.2441049,0.1703441,1.106095
4014,0.2537966,0.1932085,1.116562
4048,0.3457665,0.2220809,1.088595
4061,0.4080832,0.1476705,0.870204
4085,0.4097104,0.1388729,0.8733988
4119,0.3689587,0.2255529,1.109552
4177,0.3630817,0.2470881,1.168704
4200,0.3783107,0.2671242,1.153946
4245,0.3663182,0.2777308,1.160765
4265,0.3560185,0.2550364,1.112151
4318,0.3456295,0.2338201,1.152229
4354,0.3486216,0.2758712,1.193976
4384,0.3406584,0.2907455,1.191187
4420,0.2875507,0.4747897,1.40326
4456,0.2989113,0.5147934,1.422191
4512,0.2977014,0.5087256,1.413274
4565,0.33952,0.5031526,1.42417
4604,0.3279567,0.5326718,1.43683
4627,0.3211617,0.500083,1.405549
4655,0.3241777,0.5121529,1.400948
4728,0.3171265,0.5060822,1.39451
4757,0.3193557,0.5330592,1.423621
4792,0.5315006,0.6962568,1.537681
4820,0.5311668,0.6917179,1.563406
4852,0.5014718,0.7698357,1.659417
4886,0.5506337,0.8000523,1.784325
4933,0.4924238,0.7287949,1.705289
4971,0.1890123,0.7852107,1.657891
5004,0.2532542,0.7524937,1.551437
5028,0.2661705,0.7138282,1.480412
5052,0.3330767,0.7085919,1.468301
5083,0.3026366,0.6979913,1.493597
5123,0.3037393,0.7008284,1.494455
5153,0.3103495,0.7047892,1.502776
5185,0.2990901,0.726372,1.51403
5221,0.3440678,0.6711125,1.495481
5253,0.4366875,0.6852984,1.441789
5284,0.4372895,0.6850332,1.439238
5320,0.4168332,0.6712466,1.413536
5354,0.4193842,0.6583542,1.379728
5394,0.4205227,0.6779283,1.360512
5428,0.4369199,0.6745607,1.37465
5451,0.4211605,0.6418169,1.333523
5488,0.3603756,0.5937576,1.306581
5524,0.2937138,0.7392943,1.599431
5591,0.2936661,0.7407576,1.598835
5647,0.2975881,0.7339567,1.596951
5659,0.2980649,0.734219,1.595521
5690,0.3064454,0.697583,1.496863
5722,0.3216624,0.6961256,1.49076
5755,0.3637135,0.6621093,1.41983
5789,0.303489,0.5852371,1.362777
5822,0.3249466,0.5820781,1.342773
5853,0.3220558,0.5766928,1.342416
5889,0.3281891,0.5774766,1.344228
5923,0.4097521,0.5369306,1.277494
5962,0.4152834,0.453344,1.182294
5988,0.630331,0.4603982,1.183701
6021,0.6509781,0.4834801,1.17619
6053,0.6447196,0.4972011,1.260757
6096,0.5762756,0.4396647,1.070714
6135,0.5450666,0.4470766,1.092291
6166,0.5077362,0.4732311,1.233578
6202,0.4770517,0.4746199,1.251459
6242,0.4645109,0.4625082,1.247334
6258,0.4484653,0.4562259,1.2393
6291,0.4507482,0.4647076,1.260042
6323,0.4624784,0.4451007,1.241612
6357,0.485462,0.4479796,1.259112
6392,0.5145788,0.437963,1.174331
6425,0.5426168,0.4594296,1.180625
6455,0.507772,0.4276365,1.160669
6493,0.4769683,0.478676,1.219082
6528,0.444001,0.4750639,1.233602
6561,0.3771722,0.4715949,1.274514
6588,0.3830254,0.4309952,1.174355
6621,0.3435433,0.4836828,1.285052
6659,0.3455341,0.4681915,1.259685
6692,0.3421128,0.4721552,1.241708
6728,0.3479779,0.4765183,1.238489
6781,0.3209054,0.4737437,1.221085
6808,0.3657341,0.4406065,1.181912
6837,0.3463447,0.4372299,1.181746
6868,0.252527,0.5138487,1.208305
6909,0.2876461,0.5403727,1.214743
6927,0.2861083,0.5435824,1.218176
6993,0.3186882,0.533554,1.16055
7064,0.3524363,0.4992604,1.154304
7103,0.3213108,0.5248487,1.15943
7120,0.3275871,0.5362093,1.176834
7193,0.3241062,0.541833,1.111794
7243,0.3872514,0.4752964,1.075578
7261,0.5658031,0.2825022,0.9071827
7306,0.5740702,0.3102958,0.8773088
7325,0.5765378,0.2244413,0.8641243
7394,0.5311131,0.3158242,0.9409189
7430,0.4274547,0.346899,1.021004
7457,0.3271163,0.4345328,1.025486
7493,0.3193557,0.4369348,1.053071
7523,0.2876878,0.4151106,1.104665
7555,0.2882481,0.4241258,1.19524
7618,0.2746642,0.4881948,1.286459
7646,0.2714157,0.578025,1.407385
7664,0.2757788,0.5829036,1.431656
7712,0.2610028,0.596866,1.493669
7728,0.2803564,0.6215304,1.464581
7756,0.2871871,0.6194413,1.451659
7790,0.2794445,0.6076336,1.451969
7821,0.3857672,0.6383717,1.468706
7860,0.3537595,0.5924046,1.436019
7888,0.9173572,-0.2354056,0.9566307
7928,0.9247482,-0.2544224,0.9618282
7962,0.7267118,0.05464852,1.149321
7988,0.6608665,0.1844913,1.051784
8024,0.5040586,0.5156517,0.9896755
8060,0.5440176,1.097688,0.8719683
8119,0.8121669,2.417329,1.17588
8160,0.6855071,4.067021,1.217556
8198,-0.2830207,8.098555,1.437092
8223,1.33732,9.434649,1.940775
8255,-1.753634,12.93135,0.9344578
8289,-0.6285846,13.97163,-0.6371737
8323,-1.108521,14.88035,1.05505
8363,-0.791961,14.86558,1.228809
8392,-0.8002818,14.93181,1.17836
8429,-0.8157313,14.96103,1.135325
8465,-0.8618891,14.93541,0.9797812
8497,-0.8397043,14.93455,0.9634495
8550,-1.914757,16.70239,1.230121
8598,-0.646466,14.84723,1.077175
8629,-0.7832825,15.12827,0.8180618
8656,-3.916758,18.31672,2.20449
8688,-2.445942,19.92533,0.3380537
8723,-2.453047,20.53246,0.07698536
8756,-2.691835,22.86877,-0.2466202
8792,-2.954346,24.86711,-0.6831884
8845,-2.413744,26.72522,-1.537967
8867,-2.754194,28.28589,-1.799726
8899,-4.758721,33.21661,-2.293777
8927,-3.459424,33.92257,-2.442813
8959,-3.52084,35.72483,-2.402282
8987,-3.387243,37.53824,-3.182626
9091,-3.735238,39.27331,-3.344965
9124,-2.588087,39.57185,-3.043151
9157,-2.310044,39.43091,-2.867985
9192,-2.111107,39.24042,-2.620983
9225,-2.073008,39.23202,-2.487636
9257,-1.89572,38.89331,-2.375436
9293,-1.88759,38.84544,-2.308631
9350,-1.946861,39.05557,-2.08869
9387,-1.957697,39.06268,-2.049041
9406,-1.956743,39.05685,-2.056909
9435,0.8185208,34.05226,-1.767802
9457,0.8049846,34.0383,-1.794481
9523,-4.172296,44.07545,-2.664328
9546,-2.088767,38.83524,-2.222204
9560,-2.042753,38.86444,-2.239299
9618,-2.025694,38.83369,-2.523208
9648,-3.674537,42.80203,-2.818608
9662,-0.2179265,36.45118,-1.619577
9692,-1.956362,39.04372,-2.538633
9725,-3.457898,43.40837,-2.977324
9757,-2.094299,39.08642,-2.800632
9797,-2.17225,39.13411,-2.869248
9825,-2.162284,39.08448,-2.864885
9857,-2.188569,39.28061,-2.849317
9892,-3.487211,42.40228,-3.122568
9924,-2.127618,38.605,-2.79367
9960,-2.11733,38.60305,-2.80385
10021,-2.107328,38.59228,-2.799749
10051,-3.53201,42.54126,-3.176332
10098,-2.999324,41.13002,-2.952552
10127,-2.213722,38.70419,-2.713418
10179,-2.079993,38.51911,-2.678132
10221,-4.289955,44.02852,-2.172828
10238,-4.197055,44.04687,-2.28436
10285,-3.901619,43.44948,-2.200913
10323,-3.901702,43.16008,-2.273059
10356,-0.3696322,35.66193,-1.132703
10409,1.19074,32.91542,-0.01637936
10441,-2.217835,38.65927,-2.101183
10478,-2.197558,38.64943,-2.094078
10503,-0.8674443,38.71159,-0.3361464
10535,-1.776403,39.05327,-2.228403
10562,-1.924413,38.22778,-2.179289
10628,-1.929706,38.2957,-2.155328
10656,-2.054399,38.33054,-2.015924
10676,-3.580505,40.40375,-1.787066
10696,-3.441542,39.15755,-1.166105
10726,-3.298789,39.10954,-0.09143353
10762,-3.594273,36.82009,-0.1978636
10795,-4.114324,35.27175,0.1232147
10834,-4.235691,34.36776,-0.09980202
10890,-5.313486,33.35968,0.4680395
10923,-3.836864,29.69863,-0.08001328
10968,-4.056555,28.83005,-0.2431631
10998,-4.376501,28.29251,-0.5205631
11026,-3.24176,25.10748,-0.7308245
11062,-4.418975,27.88263,-0.8807421
11092,-4.430324,27.70921,-1.09272
11124,-4.436546,27.69256,-1.141
11159,-4.469353,27.71517,-1.104069
11191,-4.567594,27.83321,-0.9208441
11224,-4.579205,27.83333,-0.8831263
11267,-4.536575,27.72497,-0.8904457
11304,-4.643303,27.93876,-0.7562637
11336,-4.667836,27.95537,-0.7208586
11374,-4.684788,27.97898,-0.6584167
11412,-4.673201,28.00092,-0.6615162
11437,-4.677361,27.99308,-0.6645679
11472,-4.679113,27.99474,-0.6621838
11506,-4.660469,27.95156,-0.6959677
11538,-4.825955,27.93151,-0.8793831
11572,-4.818696,27.91442,-0.8799553
11610,-4.790669,27.87077,-0.9150505
11633,-4.758018,27.76839,-0.8911133
11663,-4.702848,25.88463,-1.074982
11694,-4.6341,25.25886,-1.029897
11735,-4.437536,23.80451,-0.3086567
11768,-3.776461,21.91689,-0.3080368
11803,-4.673296,21.07324,0.1562595
11839,-3.055221,15.72793,1.197886
11868,-2.974898,14.83001,1.282239
11899,-2.49204,11.14145,1.149845
11932,-3.264362,8.528468,1.039743
11966,-2.604038,5.38483,0.5771637
11997,-2.738816,5.27581,0.6880045
12036,-2.985007,4.913303,1.018882
12065,-3.301424,4.531932,1.000619
12098,-3.348678,4.223856,0.9200335
12130,-3.453249,3.874329,0.5534172
12161,-3.806931,3.778741,0.3916025
12193,-3.786916,3.674534,0.4550219
12230,-3.801113,3.614625,0.4941225
12261,-3.850299,3.599906,0.4702091
12292,-3.874713,3.18574,0.2523899
12331,-3.96567,3.020606,0.5245924
12372,-3.891784,2.314308,0.5984783
12410,-4.134899,1.754698,0.7870197
12451,-4.343205,0.2381235,1.092362
12477,-3.611714,-1.827982,0.9557247
12508,-3.538114,-3.077179,1.130223
12544,-3.905827,-5.182865,1.025796
12577,-3.195482,-8.032391,0.7995844
12607,-3.229731,-8.200005,0.9327173
12645,-3.234106,-9.164807,0.9955168
12669,-3.315526,-9.659574,0.9144068
12718,-3.302997,-10.42624,0.8888483
12739,-3.345662,-10.60442,0.8827686
12785,-3.417951,-10.76589,0.9796858
12798,-3.323084,-10.72862,1.090169
12858,-3.359991,-10.83189,1.113796
12881,-3.286988,-10.81279,1.26102
12902,-3.2556,-10.80225,1.229405
12928,-3.145772,-10.79671,1.245952
13000,-3.114229,-10.72521,1.34604
13053,-3.099877,-10.68659,1.354384
13067,-3.128272,-10.6163,1.313901
13105,-3.155881,-10.56589,1.416016
13156,-3.23078,-10.36884,1.544738
13185,-3.230399,-10.36313,1.553774
13198,-3.210741,-10.30695,1.563263
13262,-3.214806,-10.31183,1.576996
13301,-3.186327,-10.34155,1.569009
13331,-3.205138,-10.3077,1.572418
13362,-3.216606,-10.30357,1.537681
13397,-3.197843,-10.32288,1.49219
13436,-3.193468,-10.31372,1.515102
13468,-3.184408,-10.30664,1.515913
13506,-3.178626,-10.27867,1.514125
13539,-3.12534,-10.30133,1.407599
13568,-3.113025,-10.29968,1.409936
13606,-3.132373,-10.25535,1.417041
13640,-3.108877,-10.28052,1.407242
13670,-3.138846,-10.2733,1.419926
13701,-3.152317,-10.30958,1.344109
13737,-3.150088,-10.30842,1.344538
13765,-3.162974,-10.28447,1.372766
13795,-3.175038,-10.59626,1.203847
13830,-3.170496,-11.01848,1.027918
13860,-3.089458,-11.65679,1.0921
13899,-2.347928,-14.464,0.9131432
13939,-5.084819,-16.93948,-0.3057957
13967,-5.232781,-18.83008,-0.7555246
14003,0.1146257,-23.41491,-0.4863739
14035,-1.981705,-23.58364,-1.146412
14068,-2.105087,-25.28406,-1.499248
14103,-1.81337,-25.39859,-1.283407
14139,-1.381451,-26.17489,-0.920558
14175,-1.709586,-26.32969,-0.8401155
14203,-2.222389,-25.30473,-0.9736061
14235,-2.153474,-25.81707,-0.6955385
14271,-2.629513,-25.40494,-1.12164
14303,-2.739173,-25.69834,-0.8644581
14339,-2.887839,-25.57542,-0.592947
14371,-3.019112,-25.74862,-0.699687
14402,-2.970392,-25.61334,-0.5331278
14438,-3.305441,-26.1793,-0.2881527
14474,-0.393945,-28.27329,0.2229929
14499,-2.23065,-26.77831,-0.6748915
14531,-2.226752,-26.5415,-0.8590221
14568,-2.789968,-26.78977,-1.932001
14596,-3.171843,-26.14042,-1.336432
14628,-1.369411,-30.37002,-3.863502
14664,-2.795023,-27.14178,-2.497149
14698,-3.033727,-26.08803,-1.468706
14735,-3.563923,-26.34714,-1.80161
14770,-2.997106,-26.05802,-1.059866
14828,-2.998847,-26.11241,-0.8257627
14859,-3.005177,-26.05055,-1.142168
14879,-3.237242,-26.1834,-0.9875774
14902,-2.770978,-26.09877,-0.5156279
14936,-2.876669,-25.71241,-0.4199743
14977,-2.761251,-25.51741,-0.3857374
15003,-2.828842,-25.4555,-0.6424427
15055,-2.841669,-25.45646,-0.6091118
15082,-2.726656,-24.89966,-0.2722979
15099,-10.1986,-28.61672,-2.647686
15160,-8.93175,-28.92834,-2.077651
15197,-0.3192365,-23.43208,2.203321
15256,-1.736599,-23.65983,1.454592
15274,-2.640063,-25.12829,-2.007294
15330,-2.57104,-25.3026,-2.300024
15379,-2.849561,-24.76315,-0.3024101
15407,-2.462691,-25.18148,-2.043438
15462,-2.589518,-24.99596,-0.5504847
15483,-8.798141,-27.89914,-1.883459
15498,-2.211553,-28.63045,0.5148411
15560,-8.497768,-27.81458,-0.5791187
15598,-2.403456,-24.89747,-2.764773
15636,-2.471441,-24.96522,-2.232242
15664,-2.395469,-24.72451,-2.020144
15696,-2.997643,-24.95556,-1.675701
15732,-2.886802,-24.64377,-1.504922
15764,-3.342062,-25.24364,-1.172233
15797,-3.950495,-25.28568,-0.4305363
15831,-3.699571,-25.06999,-0.5146265
15863,-3.560132,-24.85906,-0.6965876
15898,-3.969043,-24.95884,-0.6410599
15958,-3.322166,-22.89281,0.5699158
15980,-3.941244,-23.29747,-0.1824379
16014,-1.286167,-27.38643,0.4890919
16051,-4.014879,-25.8571,-0.6544113
16066,-3.95667,-25.95646,-0.9879589
16113,-3.866369,-23.27188,0.8593321
16143,-4.342741,-25.59895,-0.3262758
16181,-4.4563,-25.60492,-0.5622149
16213,-4.270071,-25.30092,-0.6329536
16243,-4.167801,-25.16344,-0.7068872
16270,-3.73432,-25.1301,-0.6684542
16298,-3.803629,-25.20048,-0.6262779
16366,-3.651255,-25.14119,-0.7717848
16426,-3.771251,-25.37305,-0.8981466
16449,-3.358763,-25.55173,-0.7537365
16470,-3.296739,-25.72327,-1.095843
16496,-3.403443,-25.77094,-0.9998322
16532,-3.399509,-25.64983,-0.8405447
16567,-3.297311,-25.39789,-0.8103371
16639,-2.152902,-26.2098,-0.2863646
16708,-0.4178584,-23.45199,0.3417969
16732,-1.777524,-19.10413,1.648021
16764,-1.318699,-17.22598,2.054191
16801,-2.035433,-14.85221,1.950788
16832,-2.179343,-13.98939,1.8013
16864,-2.450711,-13.43761,1.884937
16901,-2.58165,-13.00428,1.728249
16933,-2.609354,-12.79843,1.693869
16977,-2.705508,-12.60026,1.791382
17015,-2.726704,-12.50867,1.733756
17031,-2.801937,-12.27405,1.849365
17064,-2.840084,-12.02126,1.952505
17102,-3.068501,-10.75795,2.119589
17133,-2.86805,-10.16994,2.17061
17171,-3.848225,-6.20293,2.607131
17213,-3.751475,-4.494438,2.696252
17248,-3.70639,-2.634433,3.091383
17279,-3.681177,-1.076362,3.647614
17333,-4.018396,0.1458347,3.65777
17371,-4.676062,4.670954,3.772378
17404,-4.686707,4.771444,3.757644
17436,-4.549712,5.054775,3.662348
17468,-4.136306,5.263242,3.588557
17509,-3.784138,5.564609,3.397632
17537,-3.755897,6.37295,3.577852
17571,-4.120832,7.121253,3.574538
17604,-4.256147,7.367384,3.567553
17636,-4.376822,7.514694,3.622246
17668,-4.200059,7.656097,3.694868
17707,-4.035049,8.332515,4.084969
17740,-5.835074,12.22463,4.847765
17774,-5.019564,13.57189,4.617262
17807,-4.614001,14.34642,4.194355
17839,-4.937154,15.83637,4.159641
17875,-6.696624,19.74379,3.920317
17913,-5.247301,20.89396,3.505635
17941,-5.246192,23.10658,3.404236
17968,-5.788594,24.06743,3.280783
18000,-6.201071,26.21141,2.990508
18032,-6.14894,27.35887,2.763247
18069,-5.869132,29.11167,2.632833
18110,-9.194022,31.87222,3.280354
18158,-7.844525,33.2312,3.01218
18182,-6.141991,32.8815,1.906729
18212,-6.046229,32.72945,1.864672
18244,-6.325859,33.2893,1.826406
18281,-6.414932,33.63374,1.803517
18313,-6.441635,33.94001,1.836348
18346,-6.349569,34.16534,1.77021
18390,-6.432504,34.23299,1.753974
18405,-6.283337,34.32999,1.242352
18460,-6.330461,34.38268,1.255798
18489,-5.961651,34.73826,1.422071
18506,-6.064993,34.70702,1.299286
18564,-6.113976,34.70537,1.220727
18603,-6.140131,34.72581,1.21336
18660,-6.192988,34.6925,1.032734
18676,-6.174809,34.71712,1.023626
18703,-6.187778,34.7249,1.068664
18736,-6.129819,34.77522,1.041174
18774,-5.988699,34.8467,1.005697
18813,-5.793625,34.97532,1.05691
18838,-5.795306,34.98827,0.9752035
18873,-5.580968,35.1567,1.462317
18905,-5.603009,35.16002,1.567221
18932,-5.608803,35.17363,1.56157
18970,-5.603319,35.18117,1.592278
19027,-5.642551,35.1637,1.420808
19047,-5.731469,35.12324,1.543093
19076,-5.693358,35.15961,1.427937
19102,-5.692559,35.16528,1.424289
19137,-5.71261,35.18526,1.428914
19168,-5.738121,35.17916,1.433396
19201,-5.72781,35.1857,1.388073
19237,-5.786532,35.17904,1.435566
19268,-5.971032,35.06884,1.220632
19303,-6.131845,34.9681,1.145792
19336,-6.148439,35.02494,1.143146
19377,-6.350904,34.93222,1.255345
19422,-5.320758,33.14391,1.420903
19452,-5.826837,33.59922,1.467419
19475,-5.881077,32.68924,1.836014
19502,-5.995852,32.33226,1.976418
19539,-5.830055,30.66228,2.212167
19572,-5.590635,29.27445,2.395391
19602,-6.488544,27.70541,2.560949
19638,-6.048411,25.48955,3.098726
19669,-4.816908,22.19838,3.451562
19701,-5.449468,21.52177,3.848314
19736,-6.150049,20.91244,3.963494
19771,-5.956584,20.82139,3.996921
19802,-6.645149,20.22875,4.125595
19838,-5.163938,16.93656,3.788614
19869,-5.315084,16.22988,3.702092
19905,-5.356974,16.14055,3.761125
19978,-5.31767,15.92238,3.632689
20043,-5.237967,15.68715,3.598499
20072,-5.284935,15.72275,3.567863
20100,-5.290419,15.72128,3.565335
20194,-5.281716,15.79174,3.539324
20220,-6.409425,17.65469,3.681755
20242,-6.571465,17.88928,3.682995
20274,-6.494493,17.48805,3.59664
20309,-7.26468,18.4438,3.60384
20337,-7.114821,18.40583,3.52819
20368,-5.36204,16.247,3.268552
20433,-5.214113,16.10547,3.220439
20468,-4.979271,15.77934,3.096938
20513,-4.951674,15.74426,3.010893
20574,-5.7504,16.92177,3.167319
20628,-4.98932,15.76192,2.993822
20644,-6.782728,17.28966,3.028417
20669,-6.759482,17.31159,3.135705
20705,-6.713623,17.33163,3.261471
20737,-6.718582,17.3711,3.27971
20771,-5.00279,16.01106,2.974415
20815,-5.733913,17.07539,3.115058
20848,-5.445438,16.7347,3.092575
20880,-6.287617,18.00419,3.294826
20927,-5.286628,16.61415,3.043628
20953,-6.939155,17.97462,3.60229
20980,-5.022865,16.13754,2.985144
21015,-5.00862,16.07603,3.069925
21050,-5.028099,15.40257,3.027678
21081,-4.923492,15.12418,3.063822
21127,-5.370837,15.01405,3.514266
21144,-4.664522,11.90927,3.667212
21173,-4.428941,9.342968,5.032325
21210,-4.684502,8.177826,4.643679
21242,-4.360146,6.267879,4.556918
21274,-4.869503,2.308702,4.601884
21303,-4.89226,0.8584052,4.504466
21336,-4.472202,-3.337744,4.532361
21369,-4.303307,-5.414018,4.157782
21410,-5.695838,-8.917681,3.815746
21441,-3.945929,-10.09741,3.860402
21478,-3.684264,-12.52908,3.686452
21508,-6.165618,-17.17293,3.493834
21542,-6.179756,-17.83875,2.949357
21576,-6.245345,-18.86131,2.683449
21604,-3.535908,-22.0685,2.580428
21635,-3.25889,-22.27405,2.567434
21672,-2.978235,-22.68228,2.504468
21709,-2.782983,-22.73682,2.515745
21805,-2.866369,-23.08483,2.592921
21836,-2.715379,-23.01618,2.621412
21874,-2.747887,-23.17034,2.675915
21903,-2.748984,-23.21966,2.652407
21936,-2.634925,-23.37837,2.509594
21972,-2.616471,-23.42895,2.551579
22004,-1.614648,-23.56342,2.730465
22044,-1.565558,-23.63963,2.731299
22077,-2.638918,-23.85457,2.378821
22112,-2.495569,-23.9146,2.168274
22144,-1.572901,-24.25409,2.164841
22187,-1.61168,-24.39648,2.101398
22213,-1.671833,-24.45205,2.084851
22243,-1.735622,-24.47986,2.117848
22280,-1.764816,-24.60474,2.11482
22303,-2.385801,-24.58255,2.015638
22336,-2.419668,-24.5355,2.018523
22395,-2.417797,-24.59103,2.061367
22420,-2.501816,-24.63463,2.033687
22452,-1.72475,-24.06354,2.37298
22487,-4.731995,-19.78046,2.918148
22520,-3.83845,-15.16847,3.980112
22550,-3.901488,-12.76843,4.227591
22590,-3.92223,-10.83369,4.002905
22637,-5.808311,-7.001522,4.682088
22673,-4.918581,-0.9619474,5.415916
22704,-5.16451,0.551641,5.334496
22741,-5.619186,2.622393,5.191779
22772,-5.248147,3.755265,4.671645
22805,-5.381674,4.635403,4.809022
22844,-5.293995,5.234483,4.717827
22891,-5.213756,5.449372,4.836464
22927,-5.071383,7.026547,5.679011
22964,-5.026859,7.254603,5.690289
22997,-5.350595,7.990012,5.484176
23018,-5.431837,8.183945,5.366993
23042,-5.558806,8.1711,5.298448
23073,-5.544263,8.490213,5.013156
23105,-5.462784,9.697834,4.875708
23143,-6.156248,14.75033,5.160189
23181,-5.962711,14.89046,4.90911
23215,-8.981782,18.0924,7.016897
23261,-6.762976,21.02324,3.840208
23285,-6.552106,23.54236,3.336763
23313,-6.595856,25.29225,3.209901
23343,-7.480126,29.82818,2.551723
23375,-7.399827,30.30701,2.264571
23410,-9.040528,33.43867,2.378964
23451,-6.71063,35.17442,1.997566
23480,-7.377249,37.8376,2.165174
23511,-7.243604,38.15516,2.050948
23549,-7.799202,42.1694,2.561784
23579,-4.961473,38.2565,2.097678
23611,-6.050819,40.12055,2.839971
23653,-4.67059,39.38168,2.532649
23681,-5.849618,39.97041,1.252341
23711,-5.391341,40.56038,2.60222
23748,-5.475348,41.134,2.817273
23781,-5.46816,41.23402,3.674555
23814,-7.225829,44.79162,3.368688
23849,-7.181472,44.87292,3.554916
23875,-7.287293,44.81116,3.867269
23909,-7.22869,44.80707,3.642797
23940,-7.982355,44.88959,2.311468
24003,-7.853765,47.51097,2.262163
24033,-9.068304,47.12576,0.9596586
24046,-6.159538,47.71461,0.3589392
24074,-8.377129,46.36911,0.6097555
24138,-8.554059,45.5609,0.5267859
24172,-8.814091,46.65815,0.03688335
24238,-8.963627,46.75967,-0.1999617
24274,-9.129995,46.09058,0.1302958
24336,-9.126181,45.76088,0.02207756
24354,-8.995586,45.45127,0.1087427
24391,-8.927268,45.25773,0.07696152
24428,-9.213561,46.08931,-0.1638889
24457,-11.5021,48.77019,0.08146763
24506,-10.95582,47.86837,0.3786325
24532,-11.33209,48.58135,0.4438639
24544,-11.54723,48.9293,0.6818295
24603,-11.60151,49.00895,0.7278442
24633,-11.61634,49.05738,0.6830215
24648,-10.14116,46.90323,1.225686
24683,-7.02073,42.66988,2.25625
24721,-7.202583,43.04254,2.296829
24746,-6.587988,41.67455,2.247643
24779,-6.492144,41.49934,2.603841
24812,-6.406909,41.49226,2.853322
24872,-6.3052,39.95791,3.737903
24956,-5.882483,37.68576,3.751516
24995,-6.453389,32.16932,4.821134
25011,-5.823642,29.71551,4.070258
25041,-6.054443,28.65234,3.977036
25073,-6.596989,26.62496,4.278207
25160,-6.246668,24.55928,4.390764
25186,-6.484371,21.98157,4.243231
25245,-6.46078,21.74042,4.289126
25282,-7.290048,20.45153,3.701806
25342,-7.097322,20.7189,3.771782
25421,-6.676334,21.18616,3.590322
25443,-6.616491,21.274,3.619552
25514,-6.236392,21.56329,4.079199
25578,-6.187659,21.64316,4.135847
25612,-6.202298,21.32097,4.086947
25648,-6.184191,21.42763,4.020286
25716,-6.111151,21.61775,3.796792
25757,-6.016559,21.4564,3.768039
25793,-6.033606,21.45786,3.83687
25850,-5.972713,21.46603,3.777862
25887,-6.220192,20.97445,3.947735
25946,-6.492919,20.67334,4.357028
26004,-4.478497,14.35178,2.596688
26027,-3.863281,10.61029,3.086853
26058,-3.621989,6.815305,2.38142
26095,-3.59543,6.173608,2.46253
26110,-4.708177,4.479456,2.587557
26141,-4.299646,2.828151,2.865696
26176,-4.837531,0.9136111,2.985239
26209,-5.368787,-0.1389354,3.514481
26258,-4.00495,-2.027753,3.201056
26313,-4.910356,-1.83723,3.068233
26345,-4.91088,-1.871115,3.073859
26406,-4.860359,-1.835489,3.103733
26438,-4.92664,-1.929322,3.017068
26454,-4.857844,-1.79067,3.087926
26481,-4.838639,-1.737165,3.064966
26528,-4.794854,-1.690641,3.157759
26569,-3.963524,-2.3002,3.15268
26582,-3.964955,-2.299735,3.152823
26639,-4.7221,-1.576948,3.211761
26673,-4.91181,-1.794526,3.118253
26689,-4.957896,-1.96344,3.09
26710,-5.308813,-2.451417,2.84102
26773,-5.627662,-3.509405,2.747726
26808,-3.671569,-7.326374,2.372909
26827,-3.760213,-7.842386,2.454782
26849,-3.37345,-9.87556,2.380085
26908,-3.169554,-11.11756,2.487898
26952,-7.688528,-17.86709,1.615977
27016,-7.24296,-18.12838,1.564431
27057,-1.482755,-22.5016,1.903009
27088,-1.455051,-22.57891,1.912761
27156,-1.223356,-22.76641,1.890588
27183,-4.308456,-22.30103,1.47109
27226,-4.338998,-22.25777,1.454091
27249,-4.47492,-22.18462,1.412249
27280,-3.803605,-22.19984,1.342392
27308,-3.946143,-22.01545,1.296449
27346,-3.715283,-22.07301,1.369762
27376,-3.569704,-22.10022,1.373124
27407,-0.9923279,-21.44627,1.512289
27446,-3.509456,-21.07732,1.408005
27497,-5.093664,-19.2189,1.200461
27541,-5.191368,-19.20891,1.177573
27586,-1.659542,-20.6207,1.470518
27615,-0.3773153,-21.57474,1.80223
27647,-1.091033,-19.55028,1.808071
27679,-0.4471004,-21.44901,1.848745
27724,-1.01983,-20.67874,1.757979
27753,-0.9712398,-21.30765,1.538849
27799,-0.6177247,-21.80668,1.515222
27823,-0.5433142,-21.88856,1.484084
27847,-0.4501879,-21.98885,1.472044
27876,-3.924388,-21.38537,1.079178
27914,-4.174823,-21.34085,0.9975195
27949,-4.219288,-21.42183,0.9536028
28005,-4.380244,-21.45965,0.9414673
28047,-4.475909,-21.4809,0.8717775
28091,-3.874844,-21.97957,0.7816315
28113,-4.111761,-22.55031,0.5635262
28145,-4.328054,-23.94417,0.2295494
28178,-3.196961,-25.10766,-0.041008
28227,-10.0648,-26.01071,-1.157093
28266,-3.784746,-23.39852,-1.875472
28289,-2.787298,-23.63763,-0.2363682
28325,-3.872341,-33.39489,-0.6757498
28359,0.2866685,-36.00262,3.619337
28392,-0.2173483,-35.95151,0.629735
28424,-0.4898846,-35.93834,0.2238989
28446,-0.4484236,-37.49519,-0.02937317
28477,-0.5832732,-38.44324,-0.5535126
28513,-0.5637467,-38.97331,-0.7498264
28562,-0.06595254,-41.09312,-0.322938
28595,-0.1013637,-41.22828,-0.5765438
28631,0.2052784,-40.521,-0.5631685
28674,0.1880646,-40.44473,-0.526166
28716,0.3890097,-40.07759,-0.7077932
28775,0.4701853,-39.96752,-0.6210566
28802,0.172925,-40.08874,-0.7037878
28818,0.6318986,-42.3671,-0.3505468
28892,0.6298065,-40.55264,-0.7322311
28916,0.6190538,-40.41672,-0.6934643
28971,0.6095707,-40.4752,-0.8110285
29006,0.218606,-40.65944,-0.7852793
29031,0.3309965,-40.5798,-0.8618116
29084,0.3983915,-40.45086,-0.9226084
29141,1.50519,-42.86571,0.1369953
29155,0.3046513,-40.64899,-0.2406836
29217,0.1100123,-40.66873,-0.734663
29260,-0.03826022,-40.69736,-0.7789612
29286,-0.06880164,-40.70807,-0.7124901
29354,0.3531098,-40.78186,-0.6355047
29382,0.7281244,-40.49604,-0.6695271
29442,0.4317105,-40.14697,-0.7155657
29473,0.3392518,-41.26464,-0.1505852
29491,-0.5149066,-36.01959,0.09589195
29560,0.3784537,-35.63288,1.221752
29584,-4.431826,-26.64246,-2.259374
29612,-3.205866,-24.8404,-1.106501
29644,-0.6596744,-19.82799,1.053572
29681,-1.847917,-14.45265,1.936221
29714,-4.21434,-11.28627,2.693009
29745,-0.6086171,-10.4752,2.485371
29781,-0.7881105,-7.688925,2.643061
29812,-0.8978665,-5.627197,3.203583
29843,-1.081425,-3.669539,3.303838
29880,-0.8768976,-3.445533,3.391099
29922,-1.078862,-3.025577,3.514552
29967,-1.210767,-2.664605,3.824472
29996,-1.383728,-1.440585,4.626584
30027,-1.321262,-1.588914,4.595137
30063,-1.192409,-1.874164,4.450417
30096,-1.005441,-1.913634,4.426241
30130,-0.9180963,-2.130529,4.247189
30168,-1.077062,-2.115613,4.315281
30189,-1.123315,-2.136526,4.371095
30217,-1.270288,-2.151594,4.320979
30276,-1.357239,-2.233589,4.268718
30317,-1.280659,-2.279124,4.268003
30361,-2.157861,-1.52947,4.239607
30417,-2.237076,-1.570395,4.172921
30470,-1.757663,-2.057538,4.113865
30483,-1.670212,-2.264839,4.132891
30542,-1.75336,-2.289879,4.199338
30582,-2.502984,-1.720437,4.237747
30664,-1.645273,-2.548263,4.091692
30688,-1.639372,-2.575919,4.112959
30714,-1.709419,-2.583995,4.214931
30752,-2.725214,-1.900294,4.75235
30784,-2.713495,-1.804006,4.743528
30822,-1.943308,-2.398118,4.545736
30847,-1.753503,-2.147803,4.908276
30906,-2.30723,-0.5588144,4.948854
30940,-1.499933,-0.2971619,4.767585
30962,-1.823324,1.525873,4.988813
30986,-1.457375,3.347516,5.055428
31049,-0.648421,3.960404,4.866934
31113,-1.409608,8.184645,5.669999
31188,-1.867563,13.42862,3.785038
31222,-1.987916,14.09483,4.328227
31275,-2.026421,14.47078,4.406023
31310,-2.47696,15.4586,4.555941
31323,-2.486712,15.42544,4.552245
31381,-2.364606,15.28392,4.725933
31458,-2.541476,15.07645,4.729795
31505,-2.595896,15.14476,4.703546
31523,-4.692441,18.1978,5.588508
31556,-3.152496,20.05834,4.94175
31611,-3.146404,20.05617,4.938459
31649,-3.129703,20.42891,4.694724
31681,-3.523201,22.02516,4.644132
31748,-3.342515,23.3152,4.538941
31781,-3.573018,23.82739,4.614711
31798,-3.644222,24.37941,4.694152
31823,-3.601176,24.42097,4.693484
31850,-3.230625,23.852,4.532003
31882,-3.232962,23.98784,4.59404
31917,-3.227681,24.00861,4.574776
31976,-3.314561,25.63825,4.993272
32005,-3.850752,26.64234,5.322695
32022,-3.594309,25.51894,4.73938
32052,-4.027396,26.32909,4.424667
32085,-3.404719,26.07909,4.073477
32116,-5.464798,30.46557,4.816413
32147,-3.981692,28.99824,4.290438
32180,-8.194858,32.17606,5.208874
32223,-6.652898,33.93889,5.093646
32290,-6.168657,34.35577,4.892063
32348,-5.410653,34.83965,4.284167
32380,-5.168468,35.05457,4.48966
32416,-4.917664,35.14193,4.714179
32451,-4.971999,35.30619,4.727912
32495,-4.962593,35.3603,4.749894
32536,-5.087048,35.31182,4.777193
32565,-5.300051,35.26311,4.997063
32594,-5.579144,35.16144,5.080438
32629,-5.194134,34.10696,4.830694
32660,-5.386549,34.28547,4.88317
32684,-5.559391,34.60965,4.901147
32716,-5.62368,34.68618,4.898787
32748,-5.714578,34.74174,4.932356
32784,-5.551785,33.61261,4.656339
32823,-5.408841,33.28125,4.560828
32881,-5.776196,33.96622,4.674625
32915,-5.551511,33.57163,4.598236
32950,-5.491084,33.37772,4.449153
32986,-5.438286,33.24199,4.405212
33016,-5.751902,33.81655,4.549837
33047,-5.904108,34.09294,4.591823
33084,-5.695659,33.70946,4.419589
33116,-5.828446,33.9957,4.460716
33155,-5.946917,34.15558,4.410529
33184,-6.029588,34.21448,4.383326
33216,-6.140894,34.26276,4.312348
33253,-6.1912,34.2711,4.29101
33337,-5.838734,33.55772,4.145026
33394,-6.010169,33.79191,4.186749
33418,-6.232315,34.23627,4.299974
33448,-6.231552,34.37932,4.299974
33486,-6.370944,34.50204,4.258561
33516,-6.01582,33.7735,4.150128
33548,-6.15384,33.94872,4.175353
33585,-6.246537,34.04457,4.200435
33616,-5.94694,33.42657,4.142714
33649,-5.838365,33.0797,4.075575
33684,-6.430083,34.02084,4.11191
33717,-6.180578,33.53739,4.246163
33759,-6.099087,33.28765,4.256487
33821,-6.422824,33.72224,4.285789
33899,-6.625849,34.10549,4.32899
33918,-6.678635,34.15635,4.334354
33952,-6.743211,34.21656,4.345822
33985,-6.24134,33.34082,4.325056
34018,-6.647939,34.0204,4.34258
34078,-6.725997,34.15634,4.338145
34104,-6.805378,34.1729,4.212713
34129,-6.371599,33.40783,4.2346
34154,-6.783384,34.06276,4.237652
34185,-6.398922,33.42517,4.308558
34217,-6.665176,33.77197,4.350829
34252,-6.909508,34.07379,4.411006
34284,-6.436282,33.42147,4.469538
34316,-6.208759,33.06421,4.459333
34357,-6.081718,32.82536,4.416442
34417,-6.76797,33.75962,4.522896
34494,-6.422645,33.26764,4.479408
34541,-6.644469,33.64674,4.490089
34560,-6.337934,33.20862,4.44777
34584,-6.684655,33.70147,4.467463
34615,-6.347054,33.1902,4.442453
34654,-6.294936,33.1127,4.432559
34700,-6.602198,33.51837,4.51231
34738,-6.694275,33.65833,4.509473
34767,-6.36968,33.17451,4.415083
34803,-6.211978,32.96755,4.412389
34821,-6.721979,33.73761,4.472709
34879,-6.848449,33.90603,4.507303
34920,-6.933719,34.03638,4.479194
34958,-6.57621,33.56763,4.450154
34988,-6.347948,33.20706,4.458785
35025,-6.18493,32.81771,4.367232
35061,-6.764001,33.75434,4.485703
35094,-6.527906,33.36135,4.454708
35136,-6.832832,33.74009,4.475141
35167,-6.884402,33.84081,4.493165
35194,-6.974298,34.03416,4.505801
35221,-7.036763,34.12862,4.519176
35254,-6.55151,33.53248,4.557896
35287,-6.413489,33.282,4.5434
35324,-6.395012,33.05005,4.395747
35358,-6.334418,32.95338,4.374361
35384,-6.279307,32.72058,4.233313
35420,-6.171709,32.40528,4.171681
35453,-6.184679,32.35318,4.198551
35487,-6.145925,32.34583,4.193616
35543,-6.130308,32.36796,3.994513
35592,-7.29937,33.8679,4.050517
35643,-5.464787,36.77448,4.397964
35663,-5.745989,37.88235,4.443121
35711,-4.837483,40.96263,4.781675
35732,-4.301089,39.91693,4.550743
35770,-6.727284,44.70456,4.47588
35787,-6.64733,45.66024,4.635239
35822,-6.262451,46.03511,3.950143
35883,-5.221039,46.16615,4.418516
35915,-6.384963,49.611,3.891706
35935,-5.910545,49.89258,4.233503
35985,-6.964522,49.52118,4.848695
36013,-7.203144,49.84743,6.457186
36026,-7.214957,49.86001,6.934953
36078,-7.555217,50.45903,6.902909
36106,-7.496482,50.44675,7.059121
36128,-7.510882,50.45304,7.049847
36178,-8.198148,50.02713,6.21829
36230,-8.356267,49.84085,5.880427
36271,-7.999128,48.92292,5.89962
36314,-8.288651,48.89739,5.417466
36337,-8.460265,48.88614,5.002642
36358,-8.561534,48.90636,4.919648
36390,-8.674878,48.57565,4.849434
36425,-8.499426,48.91447,5.296183
36454,-7.681066,49.42121,6.060386
36489,-5.280203,45.74065,7.747149
36556,-3.542608,39.50332,6.972122
36617,-3.862864,36.30596,8.260894
36660,-3.811914,35.8746,8.697557
36690,-4.360408,21.74694,6.922197
36722,-4.118091,21.14224,6.815505
36756,-3.690416,15.0834,8.227181
36795,-1.554281,7.411427,8.102393
36848,-1.973361,7.031798,8.277249
36913,-5.135876,4.269448,9.662294
36930,-3.917474,-4.310253,10.04262
36953,-4.10313,-5.182421,10.1619
36987,-6.576795,-6.66624,11.49857
37022,-6.956917,-8.240625,12.06956
37071,-4.041404,-11.43403,11.81846
37112,-6.361156,-10.53889,12.37607
37131,-3.967994,-11.91618,12.15918
37157,-3.987199,-12.59346,12.46228
37192,-3.968507,-12.56713,12.556
37228,-3.963393,-12.54348,12.57801
37260,-3.960103,-12.53471,12.48808
37298,-4.051441,-12.5106,12.45196
37330,-4.337054,-12.2218,12.2736
37352,-3.431696,-13.38172,11.97257
37387,-3.487688,-13.5666,11.8757
37421,-3.598708,-13.69405,11.51557
37455,-3.607744,-13.5787,11.29913
37491,-7.428044,-10.56855,11.56495
37526,-5.828863,-8.097422,10.58264
37561,-4.935426,-5.452266,9.631395
37593,-4.701013,-1.988277,9.575748
37627,-5.453533,3.539291,10.56144
37657,-4.935318,6.089029,9.658933
37687,-5.8914,11.02481,8.93259
37772,-7.293206,16.31082,8.829403
37817,-8.260077,21.11094,7.015586
37832,-8.233768,22.37538,7.212019
37886,-7.911521,23.82071,7.187176
37908,-8.632916,28.22483,7.272148
37927,-8.564633,28.55556,6.952333
37988,-8.467942,29.40694,7.007384
38024,-8.332664,29.64812,6.724596
38083,-8.228451,29.78405,6.352139
38111,-8.378035,30.01742,6.367731
38127,-8.293027,29.98373,6.314421
38157,-8.249563,29.1633,6.351304
38219,-7.712799,26.32296,7.014656
38249,-7.532245,25.36869,6.731081
38270,-6.931013,21.80068,6.516051
38313,-8.17377,20.01459,7.188773
38339,-7.092279,17.26742,7.034588
38365,-7.33214,16.3272,7.618165
38389,-6.307572,12.14707,8.227205
38452,-6.359869,9.900769,8.156586
38479,-6.023592,7.448524,7.449722
38494,-5.922729,7.23167,7.34551
38550,-5.852848,6.943673,7.265615
38577,-6.108147,6.839263,7.105851
38596,-6.149226,6.880274,7.066441
38633,-6.032986,6.755817,7.108569
38692,-5.984264,6.677562,7.09486
38731,-6.069571,6.73196,7.754087
38760,-5.883998,5.934018,7.842231
38788,-5.984694,3.601927,8.341813
38823,-6.311983,2.732399,8.60877
38855,-5.626506,-0.7567257,8.207846
38887,-5.867571,-2.787632,8.114743
38931,-6.037813,-4.872349,8.30617
38996,-6.436783,-6.309485,8.29289
39045,-6.842584,-8.124584,8.612227
39059,-7.059318,-8.168763,8.55329
39122,-7.137686,-8.05217,8.475709
39132,-7.364708,-10.65287,7.838464
39187,-7.234245,-10.5876,7.771587
39266,-7.135147,-10.73538,7.720399
39295,-5.546695,-14.65183,6.9417
39354,-7.28243,-16.14045,7.227397
39385,-7.554978,-17.34083,7.03814
39406,-6.281072,-22.23707,5.711532
39427,-4.371137,-23.15376,5.527806
39498,-4.748946,-23.51644,5.042815
39530,-4.910463,-24.16608,5.188346
39562,-1.952201,-31.95964,4.718542
39594,-1.540571,-33.09862,4.660034
39635,3.411543,-37.09854,4.268503
39662,1.334155,-51.37657,5.963373
39693,0.9573579,-50.84359,5.67863
39723,1.222044,-50.60819,5.749035
39757,-1.782948,-33.14691,5.091619
39802,-1.454324,-38.12479,2.3283
39874,-2.30208,-38.55236,3.813553
39909,-4.75555,-31.2965,5.71382
39927,-4.54244,-31.29417,5.72381
39960,-1.708966,-33.15084,6.588721
39995,-6.201678,-29.61119,5.316663
40027,-0.8030474,-43.75477,0.9431362
40059,-0.82528,-43.80038,1.379514
40105,-0.8397996,-35.9852,5.813003
40129,-0.9292305,-35.92169,5.854416
40160,-0.9382546,-35.85143,5.87194
40196,0.8808792,-33.64674,6.755495
40236,0.817138,-33.40456,6.678128
40273,0.8173943,-33.41712,6.690669
40306,-6.627673,-25.39602,4.493976
40337,-6.232625,-25.11402,4.511905
40370,-6.375986,-25.42722,3.3149
40404,-5.563098,-25.53988,4.224515
40436,-6.935066,-22.57381,4.548359
40470,-5.677313,-14.20736,6.459165
40510,-5.893535,-11.57459,6.535602
40536,-5.358821,-7.279837,6.436324
40562,-4.410428,-5.71878,6.354046
40599,-4.598755,-2.693161,6.718159
40632,-3.485042,-0.2270281,7.38492
40655,-3.388447,0.688082,7.461834
40693,-3.407055,1.409262,7.502341
40723,-3.196317,1.822191,7.386827
40755,-2.882165,2.139264,7.407522
40796,-2.849275,2.237827,7.38585
40850,-2.963787,2.449811,7.42569
40884,-2.966386,2.519071,7.443261
40923,-2.871019,2.601537,7.481909
40941,-2.897125,2.670068,7.465649
40958,-2.901381,2.652231,7.321095
40995,-2.937013,2.648708,7.2963
41023,-2.955467,2.655894,7.228255
41121,-2.971405,2.753684,7.217097
41140,-2.499157,3.857505,6.8259
41164,-2.432662,4.836965,6.941581
41193,-3.57818,8.188954,8.01816
41224,-3.582889,11.26027,6.705165
41259,-4.713303,14.27485,7.361913
41330,-4.572111,15.0702,6.845927
41403,-5.372363,22.3829,6.416082
41426,-6.457013,25.94486,6.482816
41503,-6.880194,29.04212,5.454946
41540,-7.017761,30.82265,5.255628
41573,-6.818729,31.13988,5.168366
41599,-8.379704,33.64006,5.501413
41627,-6.965762,33.70475,5.019689
41662,-7.182747,34.14653,5.088472
41694,-6.901222,33.69092,4.954219
41729,-7.194119,34.22512,5.077028
41760,-6.943363,35.06989,5.0385
41796,-6.965608,35.14868,5.034733
41831,-6.954127,35.41754,4.984927
41881,-6.90909,35.40865,4.908133
41915,-6.898684,35.50319,4.929519
41949,-6.794172,35.88513,4.970932
41973,-6.80359,36.08828,4.981828
41992,-6.78485,36.24131,4.984069
42024,-6.776589,36.24162,4.949093
42061,-6.73787,36.29303,4.818201
42092,-6.749434,36.29868,4.760361
42129,-6.750971,36.36759,4.748654
42191,-6.72372,36.39366,4.726696
42230,-6.726581,36.41121,4.726171
42270,-6.717616,36.51103,4.675293
42295,-6.74625,36.57637,4.719496
42329,-6.967336,36.9814,4.783177
42361,-7.039184,37.17165,4.79095
42392,-7.22298,37.53701,4.834676
42428,-7.227892,37.61407,4.867959
42461,-7.125574,37.7005,5.05507
42498,-7.131296,37.70676,5.054498
42556,-7.102591,37.86143,5.14338
42588,-7.092256,37.8699,5.170488
42634,-6.965822,37.63752,5.15101
42661,-6.96736,37.44214,5.378175
42692,-7.34424,36.78082,5.420685
42729,-7.555598,36.34185,5.735588
42760,-7.53364,36.11582,5.852962
42798,-6.229681,33.3957,5.669594
42830,-6.549329,31.38359,6.140518
42864,-6.63417,29.32139,6.226873
42896,-6.355649,25.99393,5.950403
42930,-7.046598,21.92904,5.414796
42962,-7.843036,20.8279,5.924869
43002,-7.103533,22.74553,6.697631
43037,-4.578835,14.90147,6.141829
43077,-4.919201,15.00261,6.376719
43105,-5.902595,15.07339,6.781435
43136,-5.286866,13.40971,6.603122
43163,-4.335695,7.639485,6.402135
43195,-4.113513,7.120195,6.39565
43233,-5.018931,7.306478,6.970429
43269,-4.976803,6.953197,7.051826
43297,-5.05113,6.830916,7.01561
43332,-5.245048,6.460163,6.780434
43360,-5.198115,6.182185,6.716776
43396,-5.153328,5.995023,6.749415
43431,-5.147237,5.936083,6.714582
43465,-5.168706,5.898461,6.672978
43499,-4.943663,5.68516,6.619477
43530,-4.915124,5.653426,6.616783
43561,-4.921478,5.662456,6.580615
43596,-4.938907,5.672923,6.587863
43629,-5.066591,5.806199,6.611371
43661,-5.11027,5.821964,6.627703
43698,-5.135435,5.819392,6.654072
43727,-5.172735,5.801159,6.645918
43760,-5.193657,5.774882,6.634784
43799,-5.172664,5.715999,6.6113
43833,-5.106205,5.669454,6.602001
43865,-5.101639,5.735934,6.603479
43901,-5.047602,5.817551,6.618357
43933,-4.817134,6.220243,6.491804
43966,-4.841238,9.255636,6.521106
44001,-6.376618,14.43669,7.313633
44033,-6.832725,15.77928,7.178164
44066,-6.977421,18.92924,5.930471
44101,-6.690126,20.26506,5.953646
44133,-7.944232,19.67318,4.336405
44166,-7.221299,23.07366,5.812192
44201,-6.935591,23.77417,6.115079
44228,-6.764561,24.28181,6.255579
44260,-6.897992,24.84645,6.364346
44305,-7.022625,25.18177,6.164122
44341,-7.08161,25.37139,6.191134
44368,-7.533866,27.65987,6.700134
44403,-7.463044,27.88081,6.781149
44436,-6.868023,26.85946,6.667376
44467,-7.334441,28.23703,7.132268
44505,-7.191378,28.22576,7.07407
44544,-6.952196,28.61591,7.035756
44570,-6.84393,29.00452,7.023525
44600,-7.310945,30.21477,6.625986
44630,-6.103283,29.09158,6.569195
44661,-6.826716,35.15578,7.669187
44695,-6.104869,35.63208,7.396722
44727,-5.949026,36.23938,7.065201
44764,-5.414099,37.21035,7.165432
44798,-5.589515,37.19044,7.04484
44845,-5.640536,39.43082,6.916261
44885,-5.521912,39.54227,6.943393
44918,-5.138868,39.27499,6.769085
44945,-4.911142,39.53411,6.580114
44966,-4.884571,39.68707,6.467962
44996,-4.331845,39.68825,6.46596
45029,-4.438525,40.12374,6.520128
45073,-3.70931,42.63015,7.502723
45120,-3.588253,41.9186,7.37772
45168,-3.275245,41.91423,7.539034
45204,-3.973335,41.02805,6.550074
45228,-3.917331,41.01348,6.555486
45264,-3.926033,41.02502,6.554604
45297,-3.918713,40.99481,6.57208
45335,-3.823668,41.09459,6.59759
45443,-3.864175,41.41483,6.66976
45477,-3.755003,40.77872,6.342959
45508,-3.769559,40.83859,6.358051
45541,-3.839797,40.99056,6.281424
45577,-3.892273,41.43661,6.393743
45618,-5.833155,46.9521,7.047892
45636,-6.156916,49.07636,7.37977
45688,-6.34417,46.69117,6.711745
45705,-6.10345,49.11698,7.483292
45730,-6.602245,46.56251,6.495476
45765,-6.522375,46.6076,6.754088
45799,-5.980653,46.38115,8.077002
45832,-5.947489,46.17365,8.009744
45864,-5.795998,45.83669,7.82814
45896,-3.281313,39.90257,7.546258
45931,-3.29991,39.83683,7.544923
45989,-3.963238,36.99907,7.285357
46036,-3.944236,36.98411,7.262683
46079,-4.358286,35.97691,8.137202
46097,-4.686242,35.06505,8.733034
46162,-0.6572545,26.70325,9.40001
46196,-3.999561,28.92756,8.331466
46211,-3.78074,28.35402,8.836675
46262,-0.2210975,23.95467,12.25448
46281,-3.701705,27.20839,10.29284
46297,-2.028841,24.06035,11.26125
46362,-1.989776,23.93168,11.19318
46390,-2.091914,23.90155,11.12852
46403,-3.890079,26.71979,9.548378
46468,-3.931493,26.72015,9.485173
46524,-3.914839,26.81791,9.458423
46538,-3.986186,26.77168,9.448195
46600,-4.1457,26.63599,9.405255
46674,-5.204886,23.75624,6.739616
46707,-4.89716,22.82049,7.365322
46732,-4.712767,21.71795,7.44133
46793,-4.107613,20.21939,9.009409
46818,-6.359797,19.01784,8.417487
46840,-6.431526,17.57633,6.46255
46870,-4.5425,17.39381,8.383584
46897,-6.531686,18.66806,8.590078
46936,-6.920141,18.00978,8.576131
46963,-6.796294,17.7672,8.453798
47027,-6.697411,17.70053,8.392429
47062,-6.802887,17.42789,8.473706
47140,-6.617361,17.3229,8.202648
47166,-6.736642,16.85053,8.105588
47243,-6.669945,16.88568,8.103418
47275,-6.664104,16.60515,8.113647
47341,-6.740397,16.34761,8.11758
47374,-6.657964,16.43681,7.892156
47400,-6.675023,16.4438,7.976222
47466,-6.857938,16.41482,7.89938
47530,-6.987161,16.39234,8.016205
47549,-6.986958,16.39213,8.017802
47573,-7.067829,16.54988,7.861567
47646,-7.083159,16.48538,7.914782
47668,-7.071012,16.56182,7.943535
47732,-5.855781,14.79747,7.287693
47760,-5.852991,14.84861,7.283926
47774,-6.024033,15.0239,7.273102
47806,-7.106858,16.7721,7.568645
47833,-7.137722,16.7672,7.514358
47895,-7.117134,16.77423,7.524014
47929,-7.092017,16.57266,7.51667
47952,-6.807488,16.07999,7.655025
47969,-6.740111,15.91763,7.658458
48004,-6.975871,15.51459,7.721305
48033,-5.448908,12.77796,7.548404
48065,-4.522401,10.03276,8.434606
48100,-4.171735,7.396311,7.828999
48132,-4.379386,6.867668,7.839179
48166,-4.868907,4.910743,8.002305
48216,-5.705505,3.093043,7.971764
48246,-6.186849,-1.356897,7.290077
48278,-5.580383,-3.904569,6.913424
48313,-6.159121,-7.245996,6.360674
48345,-6.854099,-7.816484,6.235313
48377,-7.79069,-12.93733,5.973291
48416,-5.137986,-12.77444,6.036758
48448,-4.170781,-18.87065,5.960083
48475,-7.273227,-21.1195,4.966879
48507,-6.830054,-21.33027,4.965949
48532,-6.598801,-21.62819,5.146408
48568,-6.767911,-22.18805,5.18918
48606,-5.600482,-22.44076,5.296993
48667,-5.146212,-22.53246,5.346203
48688,-4.958815,-22.63968,5.333281
48717,-5.55945,-22.49873,5.28307
48740,-5.62405,-22.43871,5.143213
48776,-5.970878,-22.34392,5.099106
48808,-5.985456,-22.25308,5.108523
48850,-5.926556,-22.05498,5.007815
48879,-2.621204,-22.63671,5.137968
48906,-3.773266,-20.46341,5.175567
48935,-3.254884,-21.50905,4.87473
48970,-3.070551,-21.81658,4.895043
49006,-3.029996,-21.88543,4.90694
49048,-2.954894,-22.02951,4.846215
49107,-2.690905,-22.15372,4.863667
49140,-2.655441,-22.2153,4.803061
49169,-6.351906,-21.46462,4.437542
49201,-6.371027,-21.48079,4.395986
49233,-6.408924,-21.5063,4.381275
49268,-6.512565,-21.52023,4.387116
49300,-6.52017,-21.51947,4.36635
49334,-3.218943,-20.36574,5.00958
49392,-2.950484,-21.48109,4.634261
49424,-2.855271,-21.8519,4.592848
49465,-2.724415,-22.0498,4.535341
49489,-2.636403,-22.23679,4.543662
49504,-6.34386,-21.75761,4.041719
49533,-6.10103,-22.46612,3.548932
49567,-6.091791,-23.25369,3.416634
49600,-5.968732,-24.56342,2.690554
49639,-5.8083,-24.95317,2.154446
49751,-5.88482,-24.36892,1.896906
49774,-6.478268,-29.61138,0.7659435
49805,-3.047031,-35.77636,0.3296852
49842,-4.548007,-35.59242,0.1297951
49867,-4.121476,-37.24598,0.01587868
49901,-3.618735,-38.06472,-0.1098156
49938,-3.217238,-38.48413,-0.3516674
49978,1.202416,-46.53785,1.73068
50012,-0.06901622,-43.79697,-0.4070282
50046,0.1776636,-44.65512,0.3233433
50079,2.42064,-44.94722,0.1601458
50117,3.992862,-45.888,1.03066
50149,3.884894,-47.20248,0.5915403
50184,3.659874,-47.89752,0.9042263
50210,3.670907,-48.23771,1.126361
50252,4.619199,-48.95616,1.716399
50279,4.010868,-48.39011,1.383376
50304,3.718442,-50.03926,0.2932072
50344,3.148377,-47.88603,-1.02129
50371,1.812232,-56.31058,2.559042
50401,11.22883,-56.3153,4.694271
50435,8.959264,-59.38581,4.662418
50506,9.73165,-58.24498,4.582238
50550,9.445148,-58.3725,4.728556
50576,9.782452,-58.27074,4.997587
50600,9.838671,-57.90442,4.956698
50672,9.803742,-57.78931,5.03571
50732,9.267407,-58.21742,4.939938
50749,11.00543,-56.38093,4.980206
50772,2.230763,-55.62058,0.5897284
50803,2.267373,-55.78472,0.7145643
50840,11.10482,-56.34943,4.884911
50867,2.494347,-56.74312,1.681566
50906,8.600551,-58.18521,4.489756
50961,10.92085,-56.28868,4.901099
51016,8.24812,-59.04203,4.447293
51045,-1.974243,-44.76065,-0.9221792
51071,-0.4989088,-44.78869,-0.9207487
51107,2.80956,-50.90054,1.506472
51141,2.723682,-49.15845,1.41418
51186,-7.859653,-29.4085,-2.059031
51222,-4.601007,-26.10431,-1.811361
51251,-0.8181751,-23.74378,-0.543189
51281,-5.835814,-17.32186,-0.1656055
51318,-4.856735,-11.09875,0.3081799
51350,-4.584533,-6.611538,0.8332491
51384,-4.136306,-4.657635,0.6934404
51431,-4.128546,-2.738771,1.506042
51444,-3.525358,-0.2809286,2.490401
51468,-3.494614,0.1572877,2.393341
51504,-3.238636,0.9660751,2.557135
51535,-3.168947,1.21313,2.80807
51567,-3.15339,1.33054,2.96936
51608,-3.175646,1.373911,3.028989
51641,-3.20577,1.308921,3.104091
51673,-3.297549,1.382899,3.431797
51710,-3.292233,1.428446,3.509665
51744,-3.343815,1.466438,3.577614
51779,-3.45543,1.678893,3.654337
51814,-3.362805,1.78982,3.618145
51859,-3.613335,4.320833,4.435706
51881,-3.155941,4.881742,4.349279
51911,-3.676087,8.265167,5.069757
51969,-4.975337,14.40835,4.334903
52037,-5.1274,20.40304,4.615664
52062,-4.575115,21.89177,2.230501
52080,-4.907828,24.33085,2.591658
52103,-4.993087,28.33616,1.549721
52176,-8.438354,32.22845,2.46222
52210,-5.647201,33.35733,1.042295
52270,-5.276876,35.00465,0.980711
52309,-5.573421,36.47462,1.229858
52339,-5.327863,37.03844,1.333714
52376,-5.695826,40.10734,1.034045
52409,-5.524808,39.59655,1.360011
52435,-5.634647,40.20592,1.970196
52474,-5.69486,40.55785,2.230358
52508,-5.610972,40.68035,2.404976
52536,-5.719262,41.055,2.541471
52573,-5.712944,41.08118,2.554846
52604,-5.248171,40.07754,2.555346
52637,-5.586308,40.59617,2.79243
52673,-5.73805,40.80959,2.892756
52704,-5.847425,40.92124,2.950716
52737,-5.257839,39.06071,2.84369
52774,-5.7756,40.46268,2.80838
52807,-5.557531,39.78862,2.58224
52835,-5.333858,39.05903,2.251673
52875,-5.384869,39.14951,2.281952
52908,-5.417448,39.26802,2.360153
52938,-5.7365,40.20414,2.503657
52983,-5.693251,39.76799,2.493691
53013,-5.887443,40.50626,2.847147
53047,-5.41398,39.44777,2.601004
53083,-5.885702,40.67757,3.293538
53118,-5.447096,39.72198,3.164315
53145,-5.917686,40.73173,3.406024
53182,-5.616814,39.53728,2.853656
53214,-5.531341,39.7863,3.070402
53246,-5.618196,40.17305,3.152394
53285,-5.639297,40.26147,3.174829
53324,-5.664271,40.31689,3.170681
53352,-5.321259,39.63873,3.019953
53376,-5.429906,40.06996,3.113055
53406,-5.189281,39.75993,3.017592
53439,-5.479855,40.58184,3.138709
53472,-5.348235,40.5481,2.531385
53510,-5.387706,40.75143,2.645993
53545,-5.448633,40.78176,2.697134
53579,-5.457431,40.8058,2.73807
53612,-5.162722,39.96702,2.924514
53648,-4.995352,39.33105,3.170705
53682,-5.132419,38.28534,3.436089
53720,-5.204445,37.6263,3.643918
53744,-6.063599,35.70755,4.758382
53775,-5.664534,35.40399,4.976583
53807,-4.754704,30.84484,3.987932
53840,-4.908246,29.28267,3.734803
53873,-4.870171,25.49109,3.495455
53912,-4.778284,24.45894,3.550148
53951,-6.312341,21.24555,3.872371
53986,-5.864376,21.17752,3.508902
54016,-6.106788,20.79009,3.398848
54053,-6.426936,20.02631,3.211141
54071,-6.32028,19.92768,3.20437
54105,-6.287414,19.86874,3.033352
54141,-6.701928,19.43311,2.460122
54177,-6.634003,19.48706,2.451873
54235,-6.713504,19.498,2.435064
54271,-6.739861,19.51395,2.385521
54302,-6.768435,19.59349,2.390337
54346,-6.790966,19.78931,2.188373
54379,-7.113642,19.58847,2.236199
54411,-7.231206,19.51777,2.105999
54447,-6.959969,19.70361,2.077079
54478,-7.069582,19.60418,2.057147
54511,-7.050615,19.61257,2.142334
54550,-6.880254,19.74273,2.367592
54578,-7.142705,19.52498,2.080178
54614,-7.265753,19.40769,2.027845
54647,-7.268423,19.35874,2.044821
54679,-6.733066,19.75521,2.321434
54714,-6.704182,19.68943,2.333093
54758,-6.677836,19.71709,2.416158
54780,-6.666499,19.77384,2.341366
54817,-6.712598,19.7015,2.168345
54848,-6.69437,19.62484,2.111053
54876,-6.585759,19.23221,2.533793
54910,-5.489201,16.59528,2.704453
54947,-5.724293,16.10518,3.106618
54973,-5.964929,15.01289,3.46694
55043,-5.966848,12.08688,3.878212
55102,-5.369502,5.756679,4.037094
55127,-5.910784,5.306151,3.738332
55146,-6.099158,2.893755,3.394604
55174,-6.241316,1.988542,3.512764
55209,-6.148249,0.5467564,3.306508
55244,-6.544238,-0.03128052,3.422904
55283,-6.186432,-0.9962201,3.511596
55320,-6.25394,-1.357245,3.605056
55354,-6.147104,-1.969635,3.288198
55391,-6.214398,-2.084002,3.360796
55419,-6.245679,-2.261305,3.292251
55454,-6.252271,-2.555621,3.243661
55483,-6.23886,-2.561405,3.162813
55519,-6.257111,-2.634194,3.065491
55551,-6.277209,-2.877676,3.001332
55595,-6.118554,-3.368482,2.877116
55622,-6.048375,-3.899211,2.865434
55652,-5.842381,-4.992869,3.180814
55674,-6.019873,-6.469366,2.758837
55708,-7.186419,-8.10264,2.857876
55740,-8.035546,-9.301329,3.751731
55772,-8.922893,-19.06163,1.623082
55809,-7.780677,-23.15733,0.7488489
55840,-7.166595,-24.51802,-0.06325245
55875,-6.579262,-25.56208,0.1620531
55908,-6.086582,-25.53814,0.1450062
55943,-6.438309,-27.15968,0.8225918
55975,-6.282192,-26.77432,0.9633064
56019,-6.038528,-26.61899,0.9108305
56041,-6.184417,-24.45456,0.4031897
56077,-6.322712,-25.44798,0.1626015
56109,-6.349582,-25.74436,0.4571199
56139,-6.414181,-26.26488,0.4942894
56175,-6.38246,-26.30767,0.7971048
56210,-5.808991,-27.41875,1.495123
56241,-5.805034,-27.28611,1.296878
56277,-5.707603,-26.88191,1.222277
56309,-7.271141,-25.96936,1.081085
56341,-7.0023,-25.83869,1.576853
56377,-6.923324,-25.94782,1.413274
56409,-6.614465,-25.73796,1.411414
56441,-5.72173,-26.68802,1.205254
56477,-5.545157,-26.6255,1.311827
56509,-5.600458,-26.5155,1.266766
56541,-5.543918,-26.47626,1.192307
56577,-5.596405,-26.47539,1.045156
56609,-5.573708,-26.50384,0.849247
56641,-5.699724,-26.74995,0.92628
56677,-5.612999,-26.74237,0.7554531
56710,-5.388302,-27.27065,-0.1368999
56741,-5.591804,-26.47162,0.8390665
56776,-5.609351,-26.82056,1.220775
56808,-5.615467,-27.07204,1.123619
56843,-5.329495,-29.17709,0.03433228
56877,-3.379256,-31.39951,-2.06852
56909,-4.488116,-30.40445,-2.243495
56940,-5.511695,-29.23643,-2.26419
56985,-6.771463,-27.34914,-0.8060217
57012,-6.874424,-26.83255,-0.1674652
57054,-6.671638,-27.20065,-0.316453
57085,-5.871206,-26.88943,-0.8730412
57112,-5.836147,-26.9132,-0.2315521
57150,-5.922395,-26.95742,-0.02691746
57184,-6.057697,-26.37551,0.5807877
57214,-6.615252,-25.62056,-0.2004147
57254,-4.946679,-23.50921,0.4576683
57282,-2.997524,-28.47752,1.010203
57312,-3.326267,-25.44437,1.287031
57349,-3.855246,-29.82208,-0.04677773
57380,-1.503032,-37.03613,-2.422309
57415,-2.089363,-36.32024,-0.01323223
57451,-1.798254,-36.90816,0.06055832
57490,-0.1425385,-38.92081,-0.3025055
57516,0.056988,-39.42825,-0.6623507
57551,1.177961,-41.3771,-0.0991106
57583,0.5808771,-41.53946,-0.2518177
57614,0.9273231,-42.77549,-0.3005981
57656,3.101504,-45.63122,0.6987572
57684,4.184276,-57.89679,2.553344
57715,3.717697,-57.56788,1.986766
57750,5.03937,-59.05691,1.850605
57783,6.879359,-47.32442,0.6703377
57807,5.78106,-48.29381,0.4942656
57848,3.405976,-46.24235,-0.3657341
57879,9.505569,-60.41358,4.752827
57909,11.36036,-55.5682,4.512858
57951,7.036442,-58.88428,0.5460978
58004,4.273444,-57.85278,0.1730204
58039,10.0468,-58.36431,4.871058
58079,9.672761,-59.69302,5.037212
58112,10.7615,-58.56797,5.208111
58175,6.506127,-59.62024,3.926778
58202,7.205927,-58.99914,3.837132
58216,11.06871,-59.61956,6.461334
58271,10.3945,-59.7075,6.158924
58312,10.33673,-56.23767,4.845166
58344,12.02576,-58.00832,6.187797
58376,-1.057941,-45.67993,-0.63591
58412,-1.470298,-44.82438,-1.200032
58443,6.443757,-50.61555,2.029419
58508,-3.725535,-36.73306,-2.269554
58537,-11.07631,-28.94421,-4.24695
58550,-4.642921,-26.9043,-3.294277
58576,-2.270764,-24.29264,-2.690005
58614,-2.36674,-22.51182,-2.228832
58648,-2.740115,-17.33562,-0.9936571
58718,-2.856189,-14.45655,-0.5444765
58790,-2.685684,-12.12164,0.0497818
58814,-2.641183,-10.68149,0.249362
58874,-2.550644,-10.09614,0.3770351
58906,-3.028041,-7.74312,1.057172
58922,-2.714521,-9.090734,0.9888649
58948,-2.600592,-7.574174,1.372218
58978,-2.35787,-7.827997,1.323056
59045,-2.391917,-7.762918,1.359868
59104,-2.367491,-7.747018,1.480293
59137,-2.377921,-7.74453,1.531553
59157,-2.355462,-7.738656,1.571417
59177,-2.333826,-7.707527,1.604366
59244,-2.366334,-7.768402,1.684189
59276,-2.393752,-7.791328,1.720142
59303,-2.457982,-7.824051,1.687717
59317,-2.468914,-7.864481,1.730442
59366,-2.514607,-7.860443,1.790953
59406,-2.560431,-7.913679,1.806521
59425,-2.591115,-7.918325,1.784015
59447,-2.588624,-7.905099,1.798153
59480,-2.535504,-7.867208,1.860547
59512,-2.532321,-7.864347,1.859832
59544,-2.604264,-7.814839,1.891518
59580,-2.663106,-7.718101,1.908708
59611,-2.71669,-7.712793,1.940203
59645,-2.788192,-7.725075,1.932335
59702,-2.804142,-7.68249,1.927161
59746,-2.559894,-6.885901,1.787281
59809,-2.919608,-3.072908,2.657509
59854,-2.658039,-0.770393,2.715492
59881,-2.482051,3.061056,2.59254
59942,-2.312154,3.819484,2.778077
59971,-1.777691,4.497662,2.867174
59987,-1.869947,5.333045,2.616763
60017,-2.210802,6.669286,2.752447
60049,-2.095467,6.881213,2.661014
60080,-2.079719,7.162696,2.48251
60112,-2.028435,7.395866,2.385664
60149,-1.46454,6.641841,2.251697
60215,-1.708394,7.096812,2.362037
60296,-1.618856,7.306835,2.417612
60315,-2.614003,9.010879,2.908516
60344,-3.251213,11.77384,2.827024
60380,-3.853565,13.26183,2.876091
60412,-3.978473,13.95395,2.907276
60448,-3.721029,14.95805,2.948833
60496,-3.563827,15.60825,2.830052
60524,-4.654199,19.60332,2.917051
60562,-4.65551,20.48158,2.645755
60585,-4.184026,20.6756,2.592826
60615,-4.017192,20.85853,2.473521
60647,-4.014772,21.03531,2.45626
60682,-3.968388,21.1629,2.400231
60715,-3.946024,21.21237,2.394509
60781,-3.948158,21.21878,2.386904
60811,-3.930396,21.20501,2.377605
60830,-3.901035,21.20732,2.37143
60851,-3.919476,21.19704,2.341104
60928,-3.985113,21.30776,2.330565
60961,-4.306406,22.13493,2.497458
60994,-3.908366,22.67742,2.391243
61023,-4.543013,28.00635,2.724409
61062,-3.971535,26.64236,2.430511
61126,-4.678339,28.20641,2.675867
61151,-4.193121,30.64888,3.396511
61210,-5.912084,34.54275,4.261422
61243,-4.339033,31.13929,3.335953
61262,-5.54623,35.07896,3.960204
61333,-5.263978,35.21444,3.823543
61355,-5.216903,35.20557,3.844929
61408,-5.360502,35.09434,3.842163
61435,-5.603999,34.97205,3.928018
61454,-5.750233,34.88083,4.025316
61510,-5.887956,34.79235,4.172754
61549,-5.971819,34.75489,4.133749
61589,-5.996317,34.7136,3.940439
61643,-6.070715,34.70446,3.676152
61670,-5.225152,33.16195,3.581953
61686,-4.733557,31.84604,3.396654
61755,-5.369705,34.49458,3.839469
61799,-5.421895,34.54198,3.820777
61814,-5.470675,34.55678,3.826952
61849,-5.464858,34.5665,3.799534
61881,-5.450028,34.59171,3.765845
61942,-5.471378,34.61144,3.700233
61978,-5.527038,34.69967,3.690028
61995,-5.51694,34.72942,3.672743
62016,-5.497724,34.75875,3.669667
62052,-5.562753,34.73766,3.658533
62082,-5.56634,34.72833,3.659606
62120,-5.601114,34.73148,3.665876
62159,-5.615693,34.73261,3.661346
62196,-5.789691,34.673,3.497148
62232,-5.785817,34.67831,3.506541
62259,-5.849129,34.66457,3.510809
62291,-5.875486,34.64871,3.496718
62336,-5.878716,34.65634,3.522325
62360,-5.877108,34.65329,3.539276
62394,-5.89003,34.65148,3.60148
62430,-5.99516,34.60469,3.592944
62466,-5.395609,32.8787,3.446674
62504,-5.212146,32.38792,3.445387
62536,-5.619377,33.46545,3.579712
62562,-5.701858,33.61826,3.605795
62607,-5.5134,33.04635,3.553152
62630,-5.414206,32.82112,3.526831
62651,-5.304975,33.08527,4.210591
62680,-5.479044,33.4888,3.966355
62716,-5.661792,33.83425,3.95329
62749,-5.669159,33.97862,3.932285
62789,-5.716819,34.06179,3.91953
62881,-5.685812,34.09663,3.873205
62925,-5.668336,34.19748,3.837371
62949,-5.697375,34.2746,3.79889
62981,-5.714268,34.37819,3.753734
63017,-5.701131,34.40564,3.750134
63078,-5.664557,34.43373,3.667903
63093,-5.666142,34.46202,3.662729
63120,-5.672759,34.48127,3.614736
63176,-5.692834,34.48249,3.615355
63214,-5.695802,34.52908,3.599548
63245,-5.695563,34.52186,3.602862
63259,-5.402631,33.17504,3.599501
63284,-5.591244,33.6798,3.605843
63344,-5.383736,32.97848,3.633499
63371,-5.605096,33.49133,3.749108
63391,-5.647868,33.73562,3.78983
63443,-5.75574,34.06116,3.757215
63483,-5.886513,34.19987,3.759193
63519,-5.862803,34.29667,3.78387
63582,-5.825263,34.37735,3.850937
63613,-5.853838,34.42877,3.855705
63630,-5.90722,34.40868,3.859854
63678,-6.04102,34.36499,3.750944
63698,-6.0633,34.37332,3.784609
63716,-6.113177,34.50573,3.805614
63779,-6.058663,34.53622,3.827929
63814,-6.055742,34.5663,3.821206
63833,-5.874366,34.63522,3.82731
63851,-5.945402,34.67442,3.698325
63940,-5.980343,34.66265,3.756404
63970,-6.020623,34.6453,3.74577
63985,-6.048184,34.65203,3.782487
64056,-5.977398,34.69379,3.731036
64110,-6.069761,34.67483,3.754354
64126,-6.182832,34.61998,3.722978
64149,-5.53574,33.1397,3.623462
64185,-5.718774,33.5124,3.67682
64217,-5.750579,33.81654,3.75185
64267,-5.926627,33.96852,3.704309
64303,-5.964714,34.09808,3.731298
64337,-5.881744,34.17387,3.858352
64381,-5.320662,33.27772,3.729272
64394,-5.308503,33.25657,3.73292
64442,-5.418116,33.52652,3.750515
64476,-5.581337,33.76104,3.884864
64491,-5.677194,33.99857,3.903556
64551,-5.474597,33.41083,3.844786
64603,-5.395514,33.42533,3.848338
64617,-5.545765,33.61872,3.855729
64678,-5.606848,34.08283,3.835821
64692,-5.384916,33.472,3.768158
64716,-5.540639,33.84829,3.837729
64770,-5.703145,33.95936,3.888035
64821,-5.820865,34.07671,3.89111
64856,-5.743879,34.15111,3.881288
64913,-5.658311,34.20078,3.86796
64943,-5.77262,34.26618,3.85921
64958,-5.97499,34.29991,3.851962
65018,-6.037921,34.29212,3.821397
65059,-6.0772,34.32764,3.859854
65114,-5.482,33.20383,3.719544
65146,-4.98138,31.90849,3.434253
65162,-5.197281,32.00795,3.452182
65219,-6.244951,34.36897,3.848934
65262,-5.579728,33.14786,3.628325
65285,-5.833143,33.63939,3.701711
65316,-5.508656,32.97524,3.724527
65353,-5.841989,33.71532,3.938699
65417,-5.338258,32.70945,3.821015
65448,-5.77659,33.60394,3.938866
65465,-5.880922,33.95742,3.957009
65513,-5.844861,34.16238,4.099321
65535,-5.957085,34.16746,4.130125
65570,-5.964297,34.18337,4.129076
65604,-5.253821,32.9635,3.910112
65652,-5.560761,33.58881,4.01485
65685,-5.691284,33.95623,4.073763
65749,-5.77653,34.14027,4.086709
65763,-5.41088,33.16051,3.936076
65792,-5.743366,33.80423,4.04284
65824,-5.915612,33.97075,4.082751
65888,-5.992299,34.13884,4.12488
65934,-6.051165,34.1538,4.122567
65981,-6.023449,34.25399,4.292989
66007,-6.06249,34.28258,4.299235
